Steps,Policy/Entropy,Policy/Extrinsic Value Estimate,Environment/Episode Length,Environment/Cumulative Reward,Policy/Extrinsic Reward,Is Training
10000,1.4189383,0.24204804,999.0,9.553556130992042,9.553556130992042,1.0
20000,1.4189383,0.28981146,999.0,9.998000621795654,9.998000621795654,1.0
30000,1.4177263,0.47365767,999.0,9.998000621795654,9.998000621795654,1.0
40000,1.4176241,0.4969313,999.0,9.998000621795654,9.998000621795654,1.0
50000,1.416846,0.5936274,999.0,9.798000621795655,9.798000621795655,1.0
60000,1.4167054,0.6252047,999.0,9.998000621795654,9.998000621795654,1.0
