{"cameraMode":{"drawMode":0,"name":"Shaded","section":"Shading Mode"},"sceneLighting":false,"audioPlay":false,"sceneViewState":{"showFog":false,"showMaterialUpdate":true,"showSkybox":false,"showFlares":false,"showImageEffects":false,"showParticleSystems":true},"in2DMode":false,"pivot":{"x":0.0,"y":0.05215774476528168,"z":-0.0011117160320281983},"rotation":{"x":-0.17135341465473176,"y":-0.7801910042762756,"z":0.24288897216320039,"w":-0.5504081845283508},"size":0.01952676847577095,"orthographic":false}