{"cameraMode":{"drawMode":0,"name":"Shaded","section":"Shading Mode"},"sceneLighting":false,"audioPlay":false,"sceneViewState":{"showFog":false,"showMaterialUpdate":true,"showSkybox":false,"showFlares":false,"showImageEffects":false,"showParticleSystems":true},"in2DMode":false,"pivot":{"x":-0.29750630259513857,"y":-0.1883649080991745,"z":0.29053258895874026},"rotation":{"x":-0.10732362419366837,"y":0.5194520354270935,"z":-0.06596338748931885,"w":-0.8451659083366394},"size":0.3956165909767151,"orthographic":false}