{"cameraMode":{"drawMode":0,"name":"Shaded","section":"Shading Mode"},"sceneLighting":false,"audioPlay":false,"sceneViewState":{"showFog":false,"showMaterialUpdate":true,"showSkybox":false,"showFlares":false,"showImageEffects":false,"showParticleSystems":true},"in2DMode":false,"pivot":{"x":0.005006372928619385,"y":0.30022209882736208,"z":-0.018391326069831849},"rotation":{"x":-0.17135341465473176,"y":-0.7801910042762756,"z":0.24288897216320039,"w":-0.5504081845283508},"size":0.40156877040863039,"orthographic":false}