{"cameraMode":{"drawMode":0,"name":"Shaded","section":"Shading Mode"},"sceneLighting":false,"audioPlay":false,"sceneViewState":{"showFog":false,"showMaterialUpdate":true,"showSkybox":true,"showFlares":false,"showImageEffects":false,"showParticleSystems":true},"in2DMode":false,"pivot":{"x":31.418338775634767,"y":1.658137321472168,"z":26.675060272216798},"rotation":{"x":-0.19330772757530213,"y":-0.5531452894210815,"z":0.13378699123859406,"w":-0.7992292642593384},"size":0.9833857417106628,"orthographic":false}